Comment,Designator,Footprint,LCSC,Quantity
115k,R18,R_0603_1608Metric,C217699,1
1u,"C14,C2,C20,C7,C8",C_0603_1608Metric,C106214,5
200R,"R1,R10,R11,R12,R13,R14,R15,R16,R2,R3,R4,R5,R6,R7,R8,R9",R_0603_1608Metric,C863359,16
3.57k,R19,R_0603_1608Metric,C218009,1
5.1p,"C1,C10,C11,C12,C15,C16,C17,C18,C21,C22,C23,C24,C3,C4,C5,C9",C_0603_1608Metric,C3882846,16
"74HC4067PW,118","IC4,IC5",SOP65P640X110-24N,C179326,2
750k,"R17,R20,R21,R22,R23,R24,R25,R26,R27,R28,R29,R30,R31,R32,R33,R34",R_0603_1608Metric,C863934,16
LM324PT,"IC0,IC1,IC2,IC3",SOP65P640X120-14N,C7944,4
T2N7002AK,"Q1,Q10,Q11,Q12,Q13,Q14,Q15,Q16,Q2,Q3,Q4,Q5,Q6,Q7,Q8,Q9",SOT-23,C5224226,16
VEMD10940FX01,"DPht0,DPht1,DPht10,DPht11,DPht12,DPht13,DPht14,DPht15,DPht2,DPht3,DPht4,DPht5,DPht6,DPht7,DPht8,DPht9",VEMD10940FX01,C7104273,16
VSMB10940,"LED0,LED1,LED10,LED11,LED12,LED13,LED14,LED15,LED2,LED3,LED4,LED5,LED6,LED7,LED8,LED9",VSMB10940,C4749241,16
Conn_02x04_RECV,J1,PinHeader_2x04_P2.54mm_Vertical,,1
Conn_02x04_TRNS,J0,PinHeader_2x04_P2.54mm_Vertical,,1
mouse_bites,REF**,mouse_bites,,1
